--insert into Factions (factionName, factionPerk) values ('Nilfgaardian Empire','Win any round that ends in a draw');
--insert into Factions (factionName, factionPerk) values ('Northern Realms', 'Draw a card after you win a round');
--insert into Factions (factionName, factionPerk) values ('Scoiatael', 'Pick who goes first');
--insert into Factions (factionName, factionPerk) values ('Monsters', 'A random card remains on the board at rounds end');

--insert into Leaders (leaderFaction, leaderName, leaderAbility) values ('Northern Realms', 'Foltest the Steel-Forged', 'Destroy strongest enemy siege unit if total row strength greater than 10');
--insert into Leaders (leaderFaction, leaderName, leaderAbility) values ('Northern Realms', 'Foltest the Siegemaster', 'Double the strength of your siege row');
--insert into Leaders (leaderFaction, leaderName, leaderAbility) values ('Northern Realms', 'Foltest the Lord Commander of the North', 'Clear all weather effects');
--insert into Leaders (leaderFaction, leaderName, leaderAbility) values ('Northern Realms', 'Foltest the King of Temeria', 'Play an Impenetrable Fog Card instantly');
--insert into Leaders (leaderFaction, leaderName, leaderAbility) values ('Nilfgaardian Empire', 'Emperor Emhyr var Emreis the Relentless', 'Draw a card from your opponents discard pile');
--insert into Leaders (leaderFaction, leaderName, leaderAbility) values ('Nilfgaardian Empire', 'Emperor Emhyr var Emreis the White Flame Dancing on the Graves of His Foes', 'Cancel your opponents leader ability');
--insert into Leaders (leaderFaction, leaderName, leaderAbility) values ('Nilfgaardian Empire', 'Emperor Emhyr var Emreis the Emperor of Nilfgaard', 'Look at three random cards in your opponents hand');
--insert into Leaders (leaderFaction, leaderName, leaderAbility) values ('Nilfgaardian Empire', 'Emperor Emhyr var Emreis His Imperial Majesty', 'Play a Torrential Rain card instantly');
--insert into Leaders (leaderFaction, leaderName, leaderAbility) values ('Scoiatael', 'Francesca Findabair Queen  of Dol Blathanna', 'Destroy strongest enemy close combat unit if total row strength greater than 10');
--insert into Leaders (leaderFaction, leaderName, leaderAbility) values ('Scoiatael', 'Francesca Findabair the Beautiful', 'Double the strenght of your ranged row');
--insert into Leaders (leaderFaction, leaderName, leaderAbility) values ('Scoiatael', 'Francesca Findabair Pureblood Elf', 'Play a Biting Frost card instantly');
--insert into Leaders (leaderFaction, leaderName, leaderAbility) values ('Scoiatael', 'Francesca Findabair Daisy of the Valley', 'Draw an extra card at the beginning of the battle');
--insert into Leaders (leaderFaction, leaderName, leaderAbility) values ('Monsters', 'Eredin Destroyer of Worlds', 'Draw a card from your discard pile');
--insert into Leaders (leaderFaction, leaderName, leaderAbility) values ('Monsters', 'Eredin Bringer of Death', 'Discard two cards of your choosing and draw 1');
--insert into Leaders (leaderFaction, leaderName, leaderAbility) values ('Monsters', 'Eredin King of the Wild Hunt', 'Double the strength of your close combat row');
--insert into Leaders (leaderFaction, leaderName, leaderAbility) values ('Monsters', 'Eredin Commander of the Red Riders', 'Pick any weather card and play it instantly');

--insert into Cards (cardFaction, cardName, cardRange,cardPower, cardAbilities, cardHero) values ('Neutral','Biting Frost','Weather',0,'Sets all close combat cards to 1 power',0);
--insert into Cards (cardFaction, cardName, cardRange,cardPower, cardAbilities, cardHero) values ('Neutral','Clear Weather','Weather',0,'Clears all active weather effects',0);
--insert into Cards (cardFaction, cardName, cardRange,cardPower, cardAbilities, cardHero) values ('Neutral','Commanders Horn','Morale',0,'Doubles the power of a selected row',0);
--insert into Cards (cardFaction, cardName, cardRange,cardPower, cardAbilities, cardHero) values ('Neutral','Decoy','Decoy',0,'Swap out a card of your choice',0);
--insert into Cards (cardFaction, cardName, cardRange,cardPower, cardAbilities, cardHero) values ('Neutral','Impenetrable Fog','Weather',0,'Sets all range combat cards to 1 power',0);
--insert into Cards (cardFaction, cardName, cardRange,cardPower, cardAbilities, cardHero) values ('Neutral','Scorch','Scorch',0,'Destroys the strongest unit on the board',0);
--insert into Cards (cardFaction, cardName, cardRange,cardPower, cardAbilities, cardHero) values ('Neutral','Torrential Rain','Weather',0,'Sets all siege combat cards to 1 power',0);
--insert into Cards (cardFaction, cardName, cardRange,cardPower, cardAbilities, cardHero) values ('Neutral','Biting Frost','Weather',0,'Sets all close combat cards to 1 power',0);
--insert into Cards (cardFaction, cardName, cardRange,cardPower, cardAbilities, cardHero) values ('Neutral','Clear Weather','Weather',0,'Clears all active weather effects',0);
--insert into Cards (cardFaction, cardName, cardRange,cardPower, cardAbilities, cardHero) values ('Neutral','Commanders Horn','Morale',0,'Doubles the power of a selected row',0);
--insert into Cards (cardFaction, cardName, cardRange,cardPower, cardAbilities, cardHero) values ('Neutral','Decoy','Decoy',0,'Swap out a card of your choice',0);
--insert into Cards (cardFaction, cardName, cardRange,cardPower, cardAbilities, cardHero) values ('Neutral','Impenetrable Fog','Weather',0,'Sets all range combat cards to 1 power',0);
--insert into Cards (cardFaction, cardName, cardRange,cardPower, cardAbilities, cardHero) values ('Neutral','Scorch','Scorch',0,'Destroys the strongest unit on the board',0);
--insert into Cards (cardFaction, cardName, cardRange,cardPower, cardAbilities, cardHero) values ('Neutral','Torrential Rain','Weather',0,'Sets all siege combat cards to 1 power',0);
--insert into Cards (cardFaction, cardName, cardRange,cardPower, cardAbilities, cardHero) values ('Neutral','Biting Frost','Weather',0,'Sets all close combat cards to 1 power',0);
--insert into Cards (cardFaction, cardName, cardRange,cardPower, cardAbilities, cardHero) values ('Neutral','Clear Weather','Weather',0,'Clears all active weather effects',0);
--insert into Cards (cardFaction, cardName, cardRange,cardPower, cardAbilities, cardHero) values ('Neutral','Commanders Horn','Morale',0,'Doubles the power of a selected row',0);
--insert into Cards (cardFaction, cardName, cardRange,cardPower, cardAbilities, cardHero) values ('Neutral','Decoy','Decoy',0,'Swap out a card of your choice',0);
--insert into Cards (cardFaction, cardName, cardRange,cardPower, cardAbilities, cardHero) values ('Neutral','Impenetrable Fog','Weather',0,'Sets all range combat cards to 1 power',0);
--insert into Cards (cardFaction, cardName, cardRange,cardPower, cardAbilities, cardHero) values ('Neutral','Scorch','Scorch',0,'Destroys the strongest unit on the board',0);
--insert into Cards (cardFaction, cardName, cardRange,cardPower, cardAbilities, cardHero) values ('Neutral','Torrential Rain','Weather',0,'Sets all siege combat cards to 1 power',0);
--insert into Cards (cardFaction, cardName, cardRange,cardPower, cardAbilities, cardHero) values ('Neutral','Avallach','Close',0,'Spy',0);
--insert into Cards (cardFaction, cardName, cardRange,cardPower, cardAbilities, cardHero) values ('Neutral','Cirilla Fiona Elen Rianno','Close',15,'',1);
--insert into Cards (cardFaction, cardName, cardRange,cardPower, cardAbilities, cardHero) values ('Neutral','Dandelion','Close',2,'Doubles the power of your close combat row',0);
--insert into Cards (cardFaction, cardName, cardRange,cardPower, cardAbilities, cardHero) values ('Neutral','Emiel Regis Rohellec Terzieff','Close',5,'',0);
--insert into Cards (cardFaction, cardName, cardRange,cardPower, cardAbilities, cardHero) values ('Neutral','Geralt of Rivia','Close',15,'',1);
--insert into Cards (cardFaction, cardName, cardRange,cardPower, cardAbilities, cardHero) values ('Neutral','Triss Merigold','Close',7,'',1);
--insert into Cards (cardFaction, cardName, cardRange,cardPower, cardAbilities, cardHero) values ('Neutral','Vessemir','Close',6,'',0);
--insert into Cards (cardFaction, cardName, cardRange,cardPower, cardAbilities, cardHero) values ('Neutral','Villentretenmerth','Close',7,'Scorch',0);
--insert into Cards (cardFaction, cardName, cardRange,cardPower, cardAbilities, cardHero) values ('Neutral','Zoltan Chivay','Close',5,'',0);
--insert into Cards (cardFaction, cardName, cardRange,cardPower, cardAbilities, cardHero) values ('Neutral','Yennefer of Vengerberg','Ranged',7,'Medic',1);
--insert into Cards (cardFaction, cardName, cardRange,cardPower, cardAbilities, cardHero) values ('NR','Blue Stripes Commando', 'Close',4,'Bond',0);
--insert into Cards (cardFaction, cardName, cardRange,cardPower, cardAbilities, cardHero) values ('NR','Blue Stripes Commando', 'Close',4,'Bond',0);
--insert into Cards (cardFaction, cardName, cardRange,cardPower, cardAbilities, cardHero) values ('NR','Blue Stripes Commando', 'Close',4,'Bond',0);
--insert into Cards (cardFaction, cardName, cardRange,cardPower, cardAbilities, cardHero) values ('NR','Esterad Thyssen', 'Close',10,'',1);
--insert into Cards (cardFaction, cardName, cardRange,cardPower, cardAbilities, cardHero) values ('NR','John Natalis', 'Close',10,'',1);
--insert into Cards (cardFaction, cardName, cardRange,cardPower, cardAbilities, cardHero) values ('NR','Poor F---ing Infrantry','Close',1,'Bond',0);
--insert into Cards (cardFaction, cardName, cardRange,cardPower, cardAbilities, cardHero) values ('NR','Poor F---ing Infrantry','Close',1,'Bond',0);
--insert into Cards (cardFaction, cardName, cardRange,cardPower, cardAbilities, cardHero) values ('NR','Poor F---ing Infrantry','Close',1,'Bond',0);
--insert into Cards (cardFaction, cardName, cardRange,cardPower, cardAbilities, cardHero) values ('NR','Prince Stennis','Close',5,'Spy',0);
--insert into Cards (cardFaction, cardName, cardRange,cardPower, cardAbilities, cardHero) values ('NR','Redanian Foot Soldier','Close',1,'',0);
--insert into Cards (cardFaction, cardName, cardRange,cardPower, cardAbilities, cardHero) values ('NR','Redanian Foot Soldier','Close',1,'',0);
--insert into Cards (cardFaction, cardName, cardRange,cardPower, cardAbilities, cardHero) values ('NR','Siegfried of Denesle','Close',5,'',0);
--insert into Cards (cardFaction, cardName, cardRange,cardPower, cardAbilities, cardHero) values ('NR','Sigismund Dijkstra','Close',5,'Spy',0);
--insert into Cards (cardFaction, cardName, cardRange,cardPower, cardAbilities, cardHero) values ('NR','Vernon Roche','Close',10,'',1);
--insert into Cards (cardFaction, cardName, cardRange,cardPower, cardAbilities, cardHero) values ('NR','Ves','Close',5,'',0);
--insert into Cards (cardFaction, cardName, cardRange,cardPower, cardAbilities, cardHero) values ('NR','Yarpen Zigrin','Close',2,'',0);
--insert into Cards (cardFaction, cardName, cardRange,cardPower, cardAbilities, cardHero) values ('NR','Dethmold','Ranged',6,'',0);
--insert into Cards (cardFaction, cardName, cardRange,cardPower, cardAbilities, cardHero) values ('NR','Kiera Metz','Ranged',5,'',0);
--insert into Cards (cardFaction, cardName, cardRange,cardPower, cardAbilities, cardHero) values ('NR','Sabrina Glevissig','Ranged',4,'',0);
--insert into Cards (cardFaction, cardName, cardRange,cardPower, cardAbilities, cardHero) values ('NR','Sheldon Skaggs','Ranged',4,'',0);
--insert into Cards (cardFaction, cardName, cardRange,cardPower, cardAbilities, cardHero) values ('NR','Philippa Eilhart','Ranged',10,'',1);
--insert into Cards (cardFaction, cardName, cardRange,cardPower, cardAbilities, cardHero) values ('NR','Sile de Tansarville','Ranged',5,'',0);
--insert into Cards (cardFaction, cardName, cardRange,cardPower, cardAbilities, cardHero) values ('NR','Crinfrid Reavers Dragon Hunter','Ranged',5,'',0);
--insert into Cards (cardFaction, cardName, cardRange,cardPower, cardAbilities, cardHero) values ('NR','Crinfrid Reavers Dragon Hunter','Ranged',5,'',0);
--insert into Cards (cardFaction, cardName, cardRange,cardPower, cardAbilities, cardHero) values ('NR','Crinfrid Reavers Dragon Hunter','Ranged',5,'',0);
--insert into Cards (cardFaction, cardName, cardRange,cardPower, cardAbilities, cardHero) values ('NR','Ballista','Siege',6,'',0);
--insert into Cards (cardFaction, cardName, cardRange,cardPower, cardAbilities, cardHero) values ('NR','Ballista','Siege',6,'',0);
--insert into Cards (cardFaction, cardName, cardRange,cardPower, cardAbilities, cardHero) values ('NR','Catapult','Siege',8,'Bond',0);
--insert into Cards (cardFaction, cardName, cardRange,cardPower, cardAbilities, cardHero) values ('NR','Catapult','Siege',8,'Bond',0);
--insert into Cards (cardFaction, cardName, cardRange,cardPower, cardAbilities, cardHero) values ('NR','Dun Banner Medic','Siege',5,'Medic',0);
--insert into Cards (cardFaction, cardName, cardRange,cardPower, cardAbilities, cardHero) values ('NR','Kaedweni Siege Expert','Siege',1,'Morale',0);
--insert into Cards (cardFaction, cardName, cardRange,cardPower, cardAbilities, cardHero) values ('NR','Kaedweni Siege Expert','Siege',1,'Morale',0);
--insert into Cards (cardFaction, cardName, cardRange,cardPower, cardAbilities, cardHero) values ('NR','Kaedweni Siege Expert','Siege',1,'Morale',0);
--insert into Cards (cardFaction, cardName, cardRange,cardPower, cardAbilities, cardHero) values ('NR','Siege Tower','Siege',6,'',0);
--insert into Cards (cardFaction, cardName, cardRange,cardPower, cardAbilities, cardHero) values ('NR','Trebuchet','Siege',6,'',0);
--insert into Cards (cardFaction, cardName, cardRange,cardPower, cardAbilities, cardHero) values ('NR','Trebuchet','Siege',6,'',0);
--insert into Cards (cardFaction, cardName, cardRange,cardPower, cardAbilities, cardHero) values ('NR','Thaler','Siege',1,'Spy',0);

--insert into Cards (cardFaction, cardName, cardRange,cardPower, cardAbilities, cardHero) values ('NE', 'Cahir Mawr Dyffryn aep Ceallach','Close',6,'',0);
--insert into Cards (cardFaction, cardName, cardRange,cardPower, cardAbilities, cardHero) values ('NE', 'Impera Brigade','Close',3,'Bond',0);
--insert into Cards (cardFaction, cardName, cardRange,cardPower, cardAbilities, cardHero) values ('NE', 'Impera Brigade','Close',3,'Bond',0);
--insert into Cards (cardFaction, cardName, cardRange,cardPower, cardAbilities, cardHero) values ('NE', 'Impera Brigade','Close',3,'Bond',0);
--insert into Cards (cardFaction, cardName, cardRange,cardPower, cardAbilities, cardHero) values ('NE', 'Impera Brigade','Close',3,'Bond',0);
--insert into Cards (cardFaction, cardName, cardRange,cardPower, cardAbilities, cardHero) values ('NE', 'Letho of Gulet','Close',10,'',1);
--insert into Cards (cardFaction, cardName, cardRange,cardPower, cardAbilities, cardHero) values ('NE', 'Morteisen','Close',3,'',0);
--insert into Cards (cardFaction, cardName, cardRange,cardPower, cardAbilities, cardHero) values ('NE', 'Nausicaa Cavalry Brigade','Close',2,'Bond',0);
--insert into Cards (cardFaction, cardName, cardRange,cardPower, cardAbilities, cardHero) values ('NE', 'Nausicaa Cavalry Brigade','Close',2,'Bond',0);
--insert into Cards (cardFaction, cardName, cardRange,cardPower, cardAbilities, cardHero) values ('NE', 'Nausicaa Cavalry Brigade','Close',2,'Bond',0);
--insert into Cards (cardFaction, cardName, cardRange,cardPower, cardAbilities, cardHero) values ('NE', 'Rainfarn','Close',4,'',0);
--insert into Cards (cardFaction, cardName, cardRange,cardPower, cardAbilities, cardHero) values ('NE', 'Shilard Fitz-Oesterlen','Close',7,'Spy',0);
--insert into Cards (cardFaction, cardName, cardRange,cardPower, cardAbilities, cardHero) values ('NE', 'Stefan Skellen','Close',9,'Spy',0);
--insert into Cards (cardFaction, cardName, cardRange,cardPower, cardAbilities, cardHero) values ('NE', 'Vattier de Rideaux','Close',4,'Spy',0);
--insert into Cards (cardFaction, cardName, cardRange,cardPower, cardAbilities, cardHero) values ('NE', 'Young Emissary','Close',5,'Bond',0);
--insert into Cards (cardFaction, cardName, cardRange,cardPower, cardAbilities, cardHero) values ('NE', 'Young Emissary','Close',5,'Bond',0);
--insert into Cards (cardFaction, cardName, cardRange,cardPower, cardAbilities, cardHero) values ('NE', 'Menno Coehoorn','Close',10,'',1);
--insert into Cards (cardFaction, cardName, cardRange,cardPower, cardAbilities, cardHero) values ('NE', 'Albrich','Range',2,'',0);
--insert into Cards (cardFaction, cardName, cardRange,cardPower, cardAbilities, cardHero) values ('NE', 'Albrich','Range',2,'',0);
--insert into Cards (cardFaction, cardName, cardRange,cardPower, cardAbilities, cardHero) values ('NE', 'Archer Support','Range',1,'Medic',0);
--insert into Cards (cardFaction, cardName, cardRange,cardPower, cardAbilities, cardHero) values ('NE', 'Archer Support','Range',1,'Medic',0);
--insert into Cards (cardFaction, cardName, cardRange,cardPower, cardAbilities, cardHero) values ('NE', 'Assire var Anahid','Range',6,'',0);
--insert into Cards (cardFaction, cardName, cardRange,cardPower, cardAbilities, cardHero) values ('NE', 'Black Infantry Archer','Range',10,'',0);
--insert into Cards (cardFaction, cardName, cardRange,cardPower, cardAbilities, cardHero) values ('NE', 'Black Infantry Archer','Range',10,'',0);
--insert into Cards (cardFaction, cardName, cardRange,cardPower, cardAbilities, cardHero) values ('NE', 'Cynthia','Range',4,'',0);
--insert into Cards (cardFaction, cardName, cardRange,cardPower, cardAbilities, cardHero) values ('NE', 'Fringilla Vigo','Range',6,'',0);
--insert into Cards (cardFaction, cardName, cardRange,cardPower, cardAbilities, cardHero) values ('NE', 'Puttkammer','Range',3,'',0);
--insert into Cards (cardFaction, cardName, cardRange,cardPower, cardAbilities, cardHero) values ('NE', 'Renuald aep Matsen','Range',5,'',0);
--insert into Cards (cardFaction, cardName, cardRange,cardPower, cardAbilities, cardHero) values ('NE', 'Sweers','Range',2,'',0);
--insert into Cards (cardFaction, cardName, cardRange,cardPower, cardAbilities, cardHero) values ('NE', 'Tibor Eggebracht','Range',10,'',1);
--insert into Cards (cardFaction, cardName, cardRange,cardPower, cardAbilities, cardHero) values ('NE', 'Vanhemar','Range',4,'',0);
--insert into Cards (cardFaction, cardName, cardRange,cardPower, cardAbilities, cardHero) values ('NE', 'Combat Engineer','Siege',6,'',0);
--insert into Cards (cardFaction, cardName, cardRange,cardPower, cardAbilities, cardHero) values ('NE', 'Heavy Zerrikanian Fire Scorpion','Siege',10,'',0);
--insert into Cards (cardFaction, cardName, cardRange,cardPower, cardAbilities, cardHero) values ('NE', 'Morvran Voorhis','Siege',10,'',1);
--insert into Cards (cardFaction, cardName, cardRange,cardPower, cardAbilities, cardHero) values ('NE', 'Rotten Mangonel','Siege',3,'',0);
--insert into Cards (cardFaction, cardName, cardRange,cardPower, cardAbilities, cardHero) values ('NE', 'Siege Support','Siege',0,'Medic',0);
--insert into Cards (cardFaction, cardName, cardRange,cardPower, cardAbilities, cardHero) values ('NE', 'Zerrikanian Fire Scorpion','Siege',5,'',0);
--insert into Cards (cardFaction, cardName, cardRange,cardPower, cardAbilities, cardHero) values ('ST', 'Barclay', 'Close', 6, 'Agile',0);
--insert into Cards (cardFaction, cardName, cardRange,cardPower, cardAbilities, cardHero) values ('ST', 'Dennis Cranmer', 'Close', 6, '',0);
--insert into Cards (cardFaction, cardName, cardRange,cardPower, cardAbilities, cardHero) values ('ST', 'Dol Blathanna Scout', 'Close', 6, 'Agile',0);
--insert into Cards (cardFaction, cardName, cardRange,cardPower, cardAbilities, cardHero) values ('ST', 'Dol Blathanna Scout', 'Close', 6, 'Agile',0);
--insert into Cards (cardFaction, cardName, cardRange,cardPower, cardAbilities, cardHero) values ('ST', 'Dol Blathanna Scout', 'Close', 6, 'Agile',0);
--insert into Cards (cardFaction, cardName, cardRange,cardPower, cardAbilities, cardHero) values ('ST', 'Dwarf Skirmisher', 'Close', 3, 'Muster',0);
--insert into Cards (cardFaction, cardName, cardRange,cardPower, cardAbilities, cardHero) values ('ST', 'Dwarf Skirmisher', 'Close', 3, 'Muster',0);
--insert into Cards (cardFaction, cardName, cardRange,cardPower, cardAbilities, cardHero) values ('ST', 'Dwarf Skirmisher', 'Close', 3, 'Muster',0);
--insert into Cards (cardFaction, cardName, cardRange,cardPower, cardAbilities, cardHero) values ('ST', 'Havcaaren Medic', 'Close', 5, 'Muster',0);
--insert into Cards (cardFaction, cardName, cardRange,cardPower, cardAbilities, cardHero) values ('ST', 'Havcaaren Medic', 'Close', 5, 'Muster',0);
--insert into Cards (cardFaction, cardName, cardRange,cardPower, cardAbilities, cardHero) values ('ST', 'Havcaaren Medic', 'Close', 5, 'Muster',0);
--insert into Cards (cardFaction, cardName, cardRange,cardPower, cardAbilities, cardHero) values ('ST', 'Isengrim Faoiltiarna', 'Close', 10, 'Morale',0);
--insert into Cards (cardFaction, cardName, cardRange,cardPower, cardAbilities, cardHero) values ('ST', 'Mahakaman Defenders', 'Close', 5, '',0);
--insert into Cards (cardFaction, cardName, cardRange,cardPower, cardAbilities, cardHero) values ('ST', 'Mahakaman Defenders', 'Close', 5, '',0);
--insert into Cards (cardFaction, cardName, cardRange,cardPower, cardAbilities, cardHero) values ('ST', 'Mahakaman Defenders', 'Close', 5, '',0);
--insert into Cards (cardFaction, cardName, cardRange,cardPower, cardAbilities, cardHero) values ('ST', 'Vrihedd Brigade', 'Close', 5, 'Agile',0);
--insert into Cards (cardFaction, cardName, cardRange,cardPower, cardAbilities, cardHero) values ('ST', 'Vrihedd Brigade', 'Close', 5, 'Agile',0);
--insert into Cards (cardFaction, cardName, cardRange,cardPower, cardAbilities, cardHero) values ('ST', 'Yaevinn', 'Close', 6, 'Agile',0);
--insert into Cards (cardFaction, cardName, cardRange,cardPower, cardAbilities, cardHero) values ('ST', 'Ciaran aep Easnillien', 'Range', 3, 'Agile',0);
--insert into Cards (cardFaction, cardName, cardRange,cardPower, cardAbilities, cardHero) values ('ST', 'Dol Blathanna Archer', 'Range', 4, '',0);
--insert into Cards (cardFaction, cardName, cardRange,cardPower, cardAbilities, cardHero) values ('ST', 'Elf Skirmisher', 'Range', 2, 'Muster',0);
--insert into Cards (cardFaction, cardName, cardRange,cardPower, cardAbilities, cardHero) values ('ST', 'Elf Skirmisher', 'Range', 2, 'Muster',0);
--insert into Cards (cardFaction, cardName, cardRange,cardPower, cardAbilities, cardHero) values ('ST', 'Elf Skirmisher', 'Range', 2, 'Muster',0);
--insert into Cards (cardFaction, cardName, cardRange,cardPower, cardAbilities, cardHero) values ('ST', 'Filavandrel', 'Range', 6, 'Agile',0);
--insert into Cards (cardFaction, cardName, cardRange,cardPower, cardAbilities, cardHero) values ('ST', 'Havcaaren Medic', 'Range', 0, 'Medic',0);
--insert into Cards (cardFaction, cardName, cardRange,cardPower, cardAbilities, cardHero) values ('ST', 'Havcaaren Medic', 'Range', 0, 'Medic',0);
--insert into Cards (cardFaction, cardName, cardRange,cardPower, cardAbilities, cardHero) values ('ST', 'Havcaaren Medic', 'Range', 0, 'Medic',0);
--insert into Cards (cardFaction, cardName, cardRange,cardPower, cardAbilities, cardHero) values ('ST', 'Ida Emean', 'Range', 6, 'Agile',0);
--insert into Cards (cardFaction, cardName, cardRange,cardPower, cardAbilities, cardHero) values ('ST', 'Eithne', 'Range', 10, '',1);
--insert into Cards (cardFaction, cardName, cardRange,cardPower, cardAbilities, cardHero) values ('ST', 'Iorveth', 'Range', 10, '',1);
--insert into Cards (cardFaction, cardName, cardRange,cardPower, cardAbilities, cardHero) values ('ST', 'Milva', 'Range', 10, 'Morale',0);
--insert into Cards (cardFaction, cardName, cardRange,cardPower, cardAbilities, cardHero) values ('ST', 'Riordain', 'Range', 1, '',0);
--insert into Cards (cardFaction, cardName, cardRange,cardPower, cardAbilities, cardHero) values ('ST', 'Toruviel', 'Range', 2, '',0);
--insert into Cards (cardFaction, cardName, cardRange,cardPower, cardAbilities, cardHero) values ('ST', 'Vrihedd Cadet', 'Range', 4, '',0);
--insert into Cards (cardFaction, cardName, cardRange,cardPower, cardAbilities, cardHero) values ('ST', 'Saskia', 'Range', 10, '',1);
insert into Cards (cardFaction, cardName, cardRange,cardPower, cardAbilities, cardHero) values ('MS', 'Arachas', 'Close', 4, 'Muster',0);
insert into Cards (cardFaction, cardName, cardRange,cardPower, cardAbilities, cardHero) values ('MS', 'Arachas', 'Close', 4, 'Muster',0);
insert into Cards (cardFaction, cardName, cardRange,cardPower, cardAbilities, cardHero) values ('MS', 'Arachas', 'Close', 4, 'Muster',0);
insert into Cards (cardFaction, cardName, cardRange,cardPower, cardAbilities, cardHero) values ('MS', 'Botchling', 'Close', 4, '',0);
insert into Cards (cardFaction, cardName, cardRange,cardPower, cardAbilities, cardHero) values ('MS', 'Crone: Brewess', 'Close', 6, 'Muster',0);
insert into Cards (cardFaction, cardName, cardRange,cardPower, cardAbilities, cardHero) values ('MS', 'Crone: Weavess', 'Close', 6, 'Muster',0);
insert into Cards (cardFaction, cardName, cardRange,cardPower, cardAbilities, cardHero) values ('MS', 'Crone: Whispess', 'Close', 6, 'Muster',0);
insert into Cards (cardFaction, cardName, cardRange,cardPower, cardAbilities, cardHero) values ('MS', 'Draug', 'Close', 10, '',1);
insert into Cards (cardFaction, cardName, cardRange,cardPower, cardAbilities, cardHero) values ('MS', 'Fiend', 'Close', 6, '',0);
insert into Cards (cardFaction, cardName, cardRange,cardPower, cardAbilities, cardHero) values ('MS', 'Foglet', 'Close', 2, '',0);
insert into Cards (cardFaction, cardName, cardRange,cardPower, cardAbilities, cardHero) values ('MS', 'Forktail', 'Close', 5, '',0);
insert into Cards (cardFaction, cardName, cardRange,cardPower, cardAbilities, cardHero) values ('MS', 'Frightener', 'Close', 5, '',0);
insert into Cards (cardFaction, cardName, cardRange,cardPower, cardAbilities, cardHero) values ('MS', 'Ghoul', 'Close', 1, 'Muster',0);
insert into Cards (cardFaction, cardName, cardRange,cardPower, cardAbilities, cardHero) values ('MS', 'Ghoul', 'Close', 1, 'Muster',0);
insert into Cards (cardFaction, cardName, cardRange,cardPower, cardAbilities, cardHero) values ('MS', 'Ghoul', 'Close', 1, 'Muster',0);
insert into Cards (cardFaction, cardName, cardRange,cardPower, cardAbilities, cardHero) values ('MS', 'Griffen', 'Close', 5, '',0);
insert into Cards (cardFaction, cardName, cardRange,cardPower, cardAbilities, cardHero) values ('MS', 'Imlerith', 'Close', 10, '',1);
insert into Cards (cardFaction, cardName, cardRange,cardPower, cardAbilities, cardHero) values ('MS', 'Nekker', 'Close', 2, 'Muster',0);
insert into Cards (cardFaction, cardName, cardRange,cardPower, cardAbilities, cardHero) values ('MS', 'Nekker', 'Close', 2, 'Muster',0);
insert into Cards (cardFaction, cardName, cardRange,cardPower, cardAbilities, cardHero) values ('MS', 'Nekker', 'Close', 2, 'Muster',0);
insert into Cards (cardFaction, cardName, cardRange,cardPower, cardAbilities, cardHero) values ('MS', 'Plague Maiden', 'Close', 5, '',0);
insert into Cards (cardFaction, cardName, cardRange,cardPower, cardAbilities, cardHero) values ('MS', 'Vampire: Bruxa', 'Close', 4, 'Muster',0);
insert into Cards (cardFaction, cardName, cardRange,cardPower, cardAbilities, cardHero) values ('MS', 'Vampire: Ekimmara', 'Close', 4, 'Muster',0);
insert into Cards (cardFaction, cardName, cardRange,cardPower, cardAbilities, cardHero) values ('MS', 'Vampire: Fleder', 'Close', 4, 'Muster',0);
insert into Cards (cardFaction, cardName, cardRange,cardPower, cardAbilities, cardHero) values ('MS', 'Vampire: Garkain', 'Close', 4, 'Muster',0);
insert into Cards (cardFaction, cardName, cardRange,cardPower, cardAbilities, cardHero) values ('MS', 'Vampire: Katakan', 'Close', 4, 'Muster',0);
insert into Cards (cardFaction, cardName, cardRange,cardPower, cardAbilities, cardHero) values ('MS', 'Werewolf', 'Close', 5, '',0);
insert into Cards (cardFaction, cardName, cardRange,cardPower, cardAbilities, cardHero) values ('MS', 'Celaeno Harpy', 'Ranged', 2, '',0);
insert into Cards (cardFaction, cardName, cardRange,cardPower, cardAbilities, cardHero) values ('MS', 'Cockatrice', 'Ranged', 2, '',0);
insert into Cards (cardFaction, cardName, cardRange,cardPower, cardAbilities, cardHero) values ('MS', 'Endrega', 'Ranged', 2, '',0);
insert into Cards (cardFaction, cardName, cardRange,cardPower, cardAbilities, cardHero) values ('MS', 'Gargoyle', 'Ranged', 2, '',0);
insert into Cards (cardFaction, cardName, cardRange,cardPower, cardAbilities, cardHero) values ('MS', 'Grave Hag', 'Ranged', 5, '',0);
insert into Cards (cardFaction, cardName, cardRange,cardPower, cardAbilities, cardHero) values ('MS', 'Harpy', 'Ranged', 2, 'Agile',0);
insert into Cards (cardFaction, cardName, cardRange,cardPower, cardAbilities, cardHero) values ('MS', 'Kayran', 'Ranged', 8, 'Morale',1);
insert into Cards (cardFaction, cardName, cardRange,cardPower, cardAbilities, cardHero) values ('MS', 'Leshen', 'Ranged', 10, '',1);
insert into Cards (cardFaction, cardName, cardRange,cardPower, cardAbilities, cardHero) values ('MS', 'Arachas Behemoth', 'Siege', 6, 'Muster',0);
insert into Cards (cardFaction, cardName, cardRange,cardPower, cardAbilities, cardHero) values ('MS', 'Earth Elemental', 'Siege', 6, '',0);
insert into Cards (cardFaction, cardName, cardRange,cardPower, cardAbilities, cardHero) values ('MS', 'Fire Elemental', 'Siege', 6, '',0);
insert into Cards (cardFaction, cardName, cardRange,cardPower, cardAbilities, cardHero) values ('MS', 'Ice Giant', 'Siege', 5, '',0);

